City_ID,City,Lat,Lng,Max Temp,Humidity,Cloudiness,Wind Speed,Country,Date
0,Hamilton,39.1834,-84.5333,52.88,65,75,14.97,US,2022-03-11 20:05:50
1,Pevek,69.7008,170.3133,-5.22,80,1,3.04,RU,2022-03-11 20:09:58
2,Sturgis,41.7992,-85.4192,30.22,64,100,11.5,US,2022-03-11 20:09:59
3,Port Alfred,-33.5906,26.891,74.84,89,22,19.91,ZA,2022-03-11 20:09:59
4,Elesbao Veloso,-6.2019,-42.1403,80.91,83,78,3.89,BR,2022-03-11 20:10:00
5,Shahr-E Babak,30.1165,55.1186,60.04,33,68,11.3,IR,2022-03-11 20:10:00
6,Punta Arenas,-53.15,-70.9167,53.62,62,0,10.36,CL,2022-03-11 20:10:01
7,Severo-Kurilsk,50.6789,156.125,30.78,91,100,4.63,RU,2022-03-11 20:10:01
8,Pacific Grove,36.6177,-121.9166,71.58,34,0,5.75,US,2022-03-11 20:10:02
9,Kapaa,22.0752,-159.319,80.11,74,75,10.36,US,2022-03-11 20:10:03
10,Busselton,-33.65,115.3333,67.37,78,27,3.83,AU,2022-03-11 20:10:04
11,Mitu,1.1983,-70.1733,84.85,68,91,5.03,CO,2022-03-11 20:10:05
12,Sistranda,63.7256,8.834,42.76,75,0,14.29,NO,2022-03-11 20:10:05
13,Havre-Saint-Pierre,50.2334,-63.5986,19.53,66,52,12.97,CA,2022-03-11 20:10:06
14,Castro,-24.7911,-50.0119,71.49,91,76,8.68,BR,2022-03-11 20:10:06
15,Hithadhoo,-0.6,73.0833,82.56,58,27,3.15,MV,2022-03-11 20:10:06
16,Jamestown,42.097,-79.2353,48.52,43,100,13.0,US,2022-03-11 20:07:38
17,Leningradskiy,69.3833,178.4167,2.59,71,2,2.71,RU,2022-03-11 20:10:07
18,Bredasdorp,-34.5322,20.0403,75.76,71,100,6.04,ZA,2022-03-11 20:10:07
19,Aklavik,68.2191,-135.0107,-8.82,93,100,2.98,CA,2022-03-11 20:10:08
20,Vestmannaeyjar,63.4427,-20.2734,42.94,69,100,15.35,IS,2022-03-11 20:10:08
21,Paraiba Do Sul,-22.1619,-43.2928,82.99,72,1,5.64,BR,2022-03-11 20:10:08
22,Sepuka,-4.75,34.5333,62.74,88,53,6.49,TZ,2022-03-11 20:10:09
23,Mataura,-46.1927,168.8643,55.47,93,100,11.48,NZ,2022-03-11 20:10:09
24,Isangel,-19.55,169.2667,79.36,80,7,2.59,VU,2022-03-11 20:10:09
25,Madoc,44.5084,-77.4745,31.96,93,100,2.77,CA,2022-03-11 20:10:10
26,Tiksi,71.6872,128.8694,-9.31,94,100,8.52,RU,2022-03-11 20:10:10
27,Nova Olimpia,-14.7972,-57.2881,84.04,78,38,3.51,BR,2022-03-11 20:10:11
28,Nanortalik,60.1432,-45.2371,15.01,76,90,27.6,GL,2022-03-11 20:10:11
29,Baracoa,20.3467,-74.4958,82.22,69,12,8.3,CU,2022-03-11 20:10:11
30,Constitucion,-35.3333,-72.4167,68.86,56,0,7.16,CL,2022-03-11 20:10:12
31,Atuona,-9.8,-139.0333,77.61,81,99,17.18,PF,2022-03-11 20:10:12
32,Clemencia,10.5665,-75.325,85.37,69,39,14.14,CO,2022-03-11 20:10:12
33,Saint-Francois,46.4154,3.9054,49.44,66,100,13.8,FR,2022-03-11 20:10:13
34,Bagotville,-28.9833,153.4167,64.42,99,95,5.93,AU,2022-03-11 20:10:13
35,Atar,20.5169,-13.0499,77.94,6,0,9.08,MR,2022-03-11 20:10:13
36,Rikitea,-23.1203,-134.9692,77.81,71,7,3.13,PF,2022-03-11 20:10:14
37,Hermanus,-34.4187,19.2345,77.81,76,99,4.63,ZA,2022-03-11 20:10:14
38,Ondjiva,-17.0667,15.7333,74.25,69,73,7.38,AO,2022-03-11 20:10:14
39,Souillac,-20.5167,57.5167,78.73,85,82,11.7,MU,2022-03-11 20:10:15
40,Barrow,71.2906,-156.7887,-0.38,92,100,0.0,US,2022-03-11 20:10:15
41,Plettenberg Bay,-34.0527,23.3716,71.04,92,100,6.62,ZA,2022-03-11 20:10:15
42,Ribeira Grande,38.5167,-28.7,61.2,94,75,20.71,PT,2022-03-11 20:10:16
43,Cabo San Lucas,22.8909,-109.9124,80.62,65,20,9.22,MX,2022-03-11 20:10:16
44,Cape Town,-33.9258,18.4232,77.34,60,83,4.18,ZA,2022-03-11 20:06:18
45,High Level,58.5169,-117.136,12.54,90,100,6.73,CA,2022-03-11 20:11:17
46,Beihai,21.4833,109.1,69.17,84,97,8.72,CN,2022-03-11 20:11:17
47,Ulladulla,-35.35,150.4667,55.76,87,99,3.11,AU,2022-03-11 20:11:17
48,Upernavik,72.7868,-56.1549,-11.94,99,53,8.03,GL,2022-03-11 20:11:18
49,Bluff,-46.6,168.3333,55.8,84,100,27.36,NZ,2022-03-11 20:11:18
50,Ushuaia,-54.8,-68.3,51.46,54,20,20.71,AR,2022-03-11 20:08:43
51,Melfort,52.8667,-104.6177,-0.33,81,35,11.21,CA,2022-03-11 20:07:32
52,Yellowknife,62.456,-114.3525,1.42,85,100,3.0,CA,2022-03-11 20:06:35
53,Hilo,19.7297,-155.09,79.11,68,75,8.05,US,2022-03-11 20:06:37
54,Launceston,-41.45,147.1667,53.15,93,100,0.0,AU,2022-03-11 20:11:19
55,Rimouski,48.4488,-68.524,21.13,80,100,9.19,CA,2022-03-11 20:11:19
56,Airai,-8.9266,125.4092,60.17,94,68,1.48,TL,2022-03-11 20:11:19
57,Sambava,-14.2667,50.1667,76.42,91,100,7.54,MG,2022-03-11 20:11:20
58,Hofn,64.2539,-15.2082,40.35,92,100,9.4,IS,2022-03-11 20:11:20
59,Cairns,-16.9167,145.7667,78.75,93,72,8.05,AU,2022-03-11 20:07:28
60,Mehamn,71.0357,27.8492,32.38,74,85,13.18,NO,2022-03-11 20:11:21
61,Hit,33.6416,42.8251,54.91,45,1,13.67,IQ,2022-03-11 20:09:09
62,Tazovskiy,67.4667,78.7,-20.11,100,6,7.87,RU,2022-03-11 20:11:21
63,Chokurdakh,70.6333,147.9167,-13.25,98,100,6.85,RU,2022-03-11 20:11:21
64,Arraial Do Cabo,-22.9661,-42.0278,84.06,61,0,18.41,BR,2022-03-11 20:11:22
65,Tapes,-30.6733,-51.3958,68.59,77,100,13.24,BR,2022-03-11 20:11:22
66,New Norfolk,-42.7826,147.0587,52.72,73,10,3.04,AU,2022-03-11 20:11:22
67,Linxia,35.6003,103.2064,44.87,43,81,0.54,CN,2022-03-11 20:11:23
68,Ngunguru,-35.6167,174.5,65.64,72,12,2.3,NZ,2022-03-11 20:11:23
69,Saint-Pierre,-21.3393,55.4781,78.48,77,0,13.8,RE,2022-03-11 20:11:23
70,Cidreira,-30.1811,-50.2056,69.22,90,100,17.4,BR,2022-03-11 20:11:24
71,Saskylakh,71.9167,114.0833,-19.61,99,100,3.96,RU,2022-03-11 20:11:24
72,Adrar,20.5022,-10.0711,72.91,8,0,11.83,MR,2022-03-11 20:11:24
73,Vila Franca Do Campo,37.7167,-25.4333,63.19,91,100,19.17,PT,2022-03-11 20:11:25
74,Alofi,-19.0595,-169.9187,81.46,76,95,13.18,NU,2022-03-11 20:11:25
75,Narsaq,60.9167,-46.05,8.82,80,98,1.39,GL,2022-03-11 20:11:25
76,The Valley,18.217,-63.0578,80.82,77,14,22.08,AI,2022-03-11 20:08:59
77,Hobart,-42.8794,147.3294,53.06,84,0,4.61,AU,2022-03-11 20:11:26
78,Jieshi,22.8134,115.8257,68.95,75,5,7.47,CN,2022-03-11 20:11:26
79,Ambulu,-8.345,113.6058,75.76,91,100,3.56,ID,2022-03-11 20:11:26
80,Yerbogachen,61.2767,108.0108,-10.84,100,93,4.09,RU,2022-03-11 20:11:27
81,Kitimat,54.0524,-128.6534,37.78,30,100,5.01,CA,2022-03-11 20:11:27
82,Kutum,14.2,24.6667,68.65,20,63,10.69,SD,2022-03-11 20:11:27
83,Bahir Dar,11.5936,37.3908,77.13,32,100,9.22,ET,2022-03-11 20:11:28
84,La Joya,18.6667,-99.4667,92.71,14,80,5.77,MX,2022-03-11 20:11:28
85,Thompson,55.7435,-97.8558,2.61,80,100,10.07,CA,2022-03-11 20:06:40
86,Georgetown,5.4112,100.3354,82.33,83,20,3.44,MY,2022-03-11 20:07:48
87,Qaanaaq,77.484,-69.3632,-9.99,74,36,5.23,GL,2022-03-11 20:11:29
88,Honningsvag,70.9821,25.9704,35.35,75,75,4.61,NO,2022-03-11 20:11:29
89,East London,-33.0153,27.9116,75.47,87,1,19.35,ZA,2022-03-11 20:11:29
90,Irbil,36.1926,44.0106,43.48,86,36,4.09,IQ,2022-03-11 20:11:30
91,Geraldton,-28.7667,114.6,68.41,88,12,1.14,AU,2022-03-11 20:11:30
92,Chapais,49.7834,-74.8492,19.24,63,100,6.31,CA,2022-03-11 20:06:33
93,Cardoso,-20.0819,-49.9142,88.2,46,68,5.32,BR,2022-03-11 20:11:31
94,Stolin,51.8912,26.846,27.32,54,43,5.19,BY,2022-03-11 20:12:31
95,Saint George,37.1041,-113.5841,54.79,14,0,4.61,US,2022-03-11 20:12:31
96,San-Pedro,4.7485,-6.6363,80.53,86,45,8.34,CI,2022-03-11 20:12:32
97,San Carlos,9.6612,-68.5827,87.8,56,70,5.06,VE,2022-03-11 20:12:32
98,Codrington,-38.2667,141.9667,48.52,87,5,5.91,AU,2022-03-11 20:12:32
99,Kodiak,57.79,-152.4072,38.71,93,100,4.61,US,2022-03-11 20:12:33
100,Faanui,-16.4833,-151.75,81.61,70,19,10.63,PF,2022-03-11 20:12:33
101,Belle Fourche,44.6714,-103.8522,26.51,47,49,15.82,US,2022-03-11 20:12:33
102,Tuktoyaktuk,69.4541,-133.0374,-9.38,96,100,13.29,CA,2022-03-11 20:12:34
103,Butaritari,3.0707,172.7902,79.86,82,99,18.03,KI,2022-03-11 20:12:34
104,Avarua,-21.2078,-159.775,78.85,89,100,9.22,CK,2022-03-11 20:12:34
105,Kargil,34.5667,76.1,0.23,83,93,3.42,IN,2022-03-11 20:12:35
106,Lata,40.1629,-8.3327,44.64,94,10,0.16,PT,2022-03-11 20:12:35
107,Ugoofaaru,5.6667,73.0,82.58,68,1,3.76,MV,2022-03-11 20:12:35
108,Dargaville,-35.9333,173.8833,64.96,77,53,3.44,NZ,2022-03-11 20:12:36
109,Malatya,38.5,38.0,28.45,55,75,10.36,TR,2022-03-11 20:12:36
110,Dikson,73.5069,80.5464,-2.69,94,100,23.69,RU,2022-03-11 20:12:36
111,Albany,42.6001,-73.9662,51.94,60,99,3.0,US,2022-03-11 20:12:37
112,Khani,41.9563,42.9566,27.97,99,100,5.19,GE,2022-03-11 20:12:37
113,Longyearbyen,78.2186,15.6401,13.84,67,0,0.0,SJ,2022-03-11 20:12:37
114,Chingirlau,51.095,54.0814,12.45,87,100,13.58,KZ,2022-03-11 20:12:38
115,Batagay,67.6333,134.6333,-5.42,99,98,3.04,RU,2022-03-11 20:12:17
116,Nikolskoye,59.7035,30.7861,34.88,97,100,4.72,RU,2022-03-11 20:12:38
117,Nioro,13.35,-15.75,93.42,9,0,7.43,GM,2022-03-11 20:12:39
118,Verkhnyaya Inta,65.9811,60.3094,13.95,80,100,20.02,RU,2022-03-11 20:12:39
119,Bor,56.3567,44.0669,13.93,95,41,4.63,RU,2022-03-11 20:12:39
120,Bundibugyo,0.7414,30.0417,76.86,45,73,2.73,UG,2022-03-11 20:12:40
121,Beloha,-25.1667,45.05,74.75,84,21,16.6,MG,2022-03-11 20:12:40
122,Kavaratti,10.5669,72.642,81.88,75,0,8.46,IN,2022-03-11 20:12:40
123,Sitka,57.0531,-135.33,35.49,93,100,6.91,US,2022-03-11 20:12:41
124,Altay,47.8667,88.1167,27.16,59,100,4.99,CN,2022-03-11 20:12:41
125,Vaini,-21.2,-175.2,80.76,89,75,5.75,TO,2022-03-11 20:12:41
126,Acapulco,16.8634,-99.8901,82.22,65,0,10.36,MX,2022-03-11 20:11:08
127,Beckley,37.7782,-81.1882,63.66,47,40,12.66,US,2022-03-11 20:10:17
128,Vicosa,-20.7539,-42.8819,76.23,80,2,5.57,BR,2022-03-11 20:09:02
129,Port Lincoln,-34.7333,135.8667,63.52,76,0,13.89,AU,2022-03-11 20:08:07
130,Chuy,-33.6971,-53.4616,68.58,55,68,13.65,UY,2022-03-11 20:08:51
131,Dingle,10.9995,122.6711,75.85,92,95,5.01,PH,2022-03-11 20:12:42
132,Puerto Ayora,-0.7393,-90.3518,85.96,88,99,4.0,EC,2022-03-11 20:12:42
133,Prieska,-29.6641,22.7474,84.97,30,70,6.06,ZA,2022-03-11 20:12:43
134,Saint-Joseph,-21.3667,55.6167,77.38,82,23,11.12,RE,2022-03-11 20:12:43
135,Henties Bay,-22.116,14.2845,67.53,83,61,6.96,NA,2022-03-11 20:12:43
136,Mahebourg,-20.4081,57.7,77.25,83,49,12.24,MU,2022-03-11 20:12:44
137,Yar-Sale,66.8333,70.8333,-7.4,100,65,11.14,RU,2022-03-11 20:12:44
138,Juneau,58.3019,-134.4197,35.22,97,100,0.0,US,2022-03-11 20:13:45
139,Marsa Matruh,31.3525,27.2453,53.87,52,100,12.68,EG,2022-03-11 20:13:45
140,Iqaluit,63.7506,-68.5145,-18.13,86,32,5.12,CA,2022-03-11 20:13:45
141,Zhigansk,66.7697,123.3711,-6.23,99,100,5.35,RU,2022-03-11 20:13:46
142,Ano Mera,37.45,25.4,46.58,53,90,27.07,GR,2022-03-11 20:13:46
143,Hasaki,35.7333,140.8333,45.0,59,1,9.46,JP,2022-03-11 20:13:46
144,Abay,49.6311,72.8539,21.58,87,94,10.63,KZ,2022-03-11 20:13:47
145,Toora-Khem,52.4675,96.11,-2.81,99,98,1.07,RU,2022-03-11 20:13:47
146,Lebu,-37.6167,-73.65,63.86,71,0,17.27,CL,2022-03-11 20:13:47
147,Kapuskasing,49.4169,-82.4331,22.62,78,100,9.66,CA,2022-03-11 20:12:02
148,Chimbote,-9.0853,-78.5783,77.02,69,83,9.75,PE,2022-03-11 20:13:48
149,Sayyan,15.1718,44.3244,59.81,35,84,1.39,YE,2022-03-11 20:13:48
150,Mar Del Plata,-38.0023,-57.5575,64.42,71,40,19.57,AR,2022-03-11 20:13:48
151,Ixtapa,20.7,-105.2,76.23,57,0,12.66,MX,2022-03-11 20:13:49
152,Shipitsyno,61.2806,46.5208,21.43,96,99,5.12,RU,2022-03-11 20:13:49
153,Garden City,42.3256,-83.331,34.05,71,100,12.66,US,2022-03-11 20:13:49
154,Sault Sainte Marie,46.5168,-84.3333,28.96,50,100,14.97,CA,2022-03-11 20:11:50
155,Khatanga,71.9667,102.5,-31.56,100,89,5.03,RU,2022-03-11 20:09:07
156,Deputatskiy,69.3,139.9,-11.18,96,100,5.08,RU,2022-03-11 20:13:50
157,Mancio Lima,-7.6142,-72.8958,85.98,66,42,3.83,BR,2022-03-11 20:13:50
158,Along,28.1667,94.7667,61.65,59,0,2.04,IN,2022-03-11 20:13:51
159,Keetmanshoop,-26.5833,18.1333,73.94,62,86,12.93,NA,2022-03-11 20:13:51
160,Tasiilaq,65.6145,-37.6368,33.96,86,100,23.44,GL,2022-03-11 20:13:51
161,Honiara,-9.4333,159.95,77.61,88,97,0.72,SB,2022-03-11 20:13:52
162,Sao Filipe,14.8961,-24.4956,73.9,65,47,11.41,CV,2022-03-11 20:13:52
163,Broome,42.2506,-75.833,52.02,59,20,12.66,US,2022-03-11 20:13:52
164,Hue,16.4667,107.6,69.91,94,40,2.3,VN,2022-03-11 20:13:53
165,Anadyr,64.75,177.4833,16.3,53,0,4.47,RU,2022-03-11 20:13:53
166,Kerema,-7.9631,145.7785,75.79,82,97,2.84,PG,2022-03-11 20:13:53
167,Zakamensk,50.3741,103.2863,5.9,93,99,1.43,RU,2022-03-11 20:13:54
168,Lypova Dolyna,50.5643,33.7979,13.44,92,5,5.06,UA,2022-03-11 20:13:54
169,Kavieng,-2.5744,150.7967,81.32,76,100,6.78,PG,2022-03-11 20:13:54
170,Homer,59.6425,-151.5483,39.78,94,100,4.61,US,2022-03-11 20:13:55
171,Vilhena,-12.7406,-60.1458,75.72,92,99,2.71,BR,2022-03-11 20:13:55
172,Dalvik,65.9702,-18.5286,36.23,75,100,10.65,IS,2022-03-11 20:13:55
173,Karratha,-20.7377,116.8463,85.17,57,1,5.64,AU,2022-03-11 20:13:56
174,Lodja,-3.4833,23.4333,69.98,98,100,1.66,CD,2022-03-11 20:13:56
175,Tessalit,20.1986,1.0114,77.27,13,0,11.63,ML,2022-03-11 20:13:56
176,Hohhot,40.8106,111.6522,46.54,82,94,4.34,CN,2022-03-11 20:13:57
177,Wexford,52.3342,-6.4575,47.12,91,100,7.43,IE,2022-03-11 20:09:44
178,Harsum,52.2104,9.9649,43.61,37,1,12.39,DE,2022-03-11 20:13:57
179,Kachiry,53.0675,76.1036,3.16,90,100,12.48,KZ,2022-03-11 20:13:58
180,Sulangan,11.1373,123.7228,80.49,82,100,5.64,PH,2022-03-11 20:13:58
181,Santa Maria,-29.6842,-53.8069,73.29,72,98,5.64,BR,2022-03-11 20:10:59
182,Tosya,41.0155,34.0401,18.54,72,49,3.11,TR,2022-03-11 20:13:58
183,Azare,11.6765,10.1948,82.44,19,92,8.66,NG,2022-03-11 20:13:59
184,Zolotonosha,49.6689,32.0377,20.34,77,56,10.42,UA,2022-03-11 20:14:59
185,Port Elizabeth,-33.918,25.5701,68.29,88,0,4.61,ZA,2022-03-11 20:14:59
186,Choma,-16.8065,26.9531,62.8,87,79,1.21,ZM,2022-03-11 20:15:00
187,Victoria,22.2855,114.1577,69.85,88,5,4.0,HK,2022-03-11 20:11:06
188,Inirida,3.8653,-67.9239,87.64,59,100,2.73,CO,2022-03-11 20:15:00
189,Doha,25.2867,51.5333,80.58,50,98,11.5,QA,2022-03-11 20:14:35
190,Berlevag,70.8578,29.0864,33.6,73,96,16.6,NO,2022-03-11 20:15:01
191,Ipixuna,-1.7625,-48.8043,77.04,93,100,2.3,BR,2022-03-11 20:15:01
192,Orlik,52.5178,99.825,-6.0,98,100,2.73,RU,2022-03-11 20:15:02
193,Ketchikan,55.3422,-131.6461,46.87,87,100,10.36,US,2022-03-11 20:15:02
194,Krasnoselkup,65.7,82.4667,-22.36,100,100,6.4,RU,2022-03-11 20:15:03
195,Miri,4.4148,114.0089,76.53,92,76,3.65,MY,2022-03-11 20:15:03
196,Tuatapere,-46.1333,167.6833,55.42,86,99,11.27,NZ,2022-03-11 20:15:04
197,Tsalka,41.5946,44.0891,21.24,94,100,5.93,GE,2022-03-11 20:15:05
198,Morant Bay,17.8815,-76.4093,88.72,68,2,12.55,JM,2022-03-11 20:15:05
199,Torbay,47.6666,-52.7314,38.28,63,75,23.02,CA,2022-03-11 20:15:06
200,Jinchang,38.4953,102.1739,43.61,34,0,7.56,CN,2022-03-11 20:15:06
201,Ndele,8.4109,20.6473,83.34,16,100,4.7,CF,2022-03-11 20:15:06
202,Tilichiki,60.4667,166.1,6.15,85,100,6.46,RU,2022-03-11 20:15:07
203,Meylan,45.2199,5.7901,54.07,37,100,3.6,FR,2022-03-11 20:15:07
204,Kahului,20.8947,-156.47,84.22,48,20,21.85,US,2022-03-11 20:15:07
205,Calamar,10.2511,-74.9146,97.99,32,17,2.53,CO,2022-03-11 20:15:08
206,Conceicao Do Araguaia,-8.2578,-49.2647,80.29,76,81,4.18,BR,2022-03-11 20:15:08
207,Elizabeth City,36.2946,-76.2511,60.06,79,100,4.61,US,2022-03-11 20:15:08
208,Paamiut,61.994,-49.6678,9.95,86,100,21.09,GL,2022-03-11 20:15:09
209,Vao,-22.6667,167.4833,79.25,74,29,11.32,NC,2022-03-11 20:15:09
210,Aras,42.5617,-2.356,46.81,93,20,9.22,ES,2022-03-11 20:15:09
211,Srednekolymsk,67.45,153.6833,-12.95,100,100,4.92,RU,2022-03-11 20:15:10
212,Luba,3.4568,8.5547,82.29,81,76,7.38,GQ,2022-03-11 20:15:10
213,Vila Velha,-20.3297,-40.2925,85.95,75,20,16.11,BR,2022-03-11 20:15:10
214,Bud,39.447,-86.1758,32.02,83,100,13.35,US,2022-03-11 20:15:11
215,Shingu,33.7333,135.9833,50.72,91,29,6.06,JP,2022-03-11 20:14:28
216,Padang,-0.9492,100.3543,76.89,86,86,3.51,ID,2022-03-11 20:15:11
217,Walvis Bay,-22.9575,14.5053,68.95,77,13,4.61,NA,2022-03-11 20:15:11
218,Antofagasta,-23.65,-70.4,69.08,70,5,8.08,CL,2022-03-11 20:10:12
219,Otavi,-19.65,17.3333,69.24,75,78,5.82,NA,2022-03-11 20:15:12
220,Bathsheba,13.2167,-59.5167,83.01,61,20,21.85,BB,2022-03-11 20:15:12
221,Dwarka,22.2394,68.9678,76.62,73,0,10.67,IN,2022-03-11 20:15:13
222,Kyren,51.6828,102.1408,6.22,96,98,1.32,RU,2022-03-11 20:12:15
223,Caraquet,47.7941,-64.9386,28.35,61,100,1.86,CA,2022-03-11 20:15:13
224,Carnarvon,-24.8667,113.6333,75.27,88,40,0.0,AU,2022-03-11 20:15:14
225,Itoman,26.1247,127.6694,65.17,77,20,4.61,JP,2022-03-11 20:15:14
226,Bambanglipuro,-7.95,110.2833,76.12,93,100,8.12,ID,2022-03-11 20:15:14
227,Yuzhnyy,53.2542,83.6936,1.78,55,0,11.18,RU,2022-03-11 20:15:15
228,Thinadhoo,0.5333,72.9333,82.27,71,6,1.83,MV,2022-03-11 20:15:15
229,Viedma,-40.8135,-62.9967,75.74,27,0,5.57,AR,2022-03-11 20:15:15
230,Port Hedland,-20.3167,118.5667,80.65,65,5,6.91,AU,2022-03-11 20:12:21
231,Grindavik,63.8424,-22.4338,40.95,87,40,16.11,IS,2022-03-11 20:16:16
232,Kemin,42.7846,75.6892,41.9,93,100,2.17,KG,2022-03-11 20:16:16
233,Samarinda,-0.5,117.15,73.56,98,100,0.22,ID,2022-03-11 20:16:17
234,Cherskiy,68.75,161.3,-9.85,82,1,3.02,RU,2022-03-11 20:16:17
235,Laizhou,37.1717,119.9214,43.74,85,1,6.71,CN,2022-03-11 20:16:17
236,Palmer,42.1584,-72.3287,54.01,39,100,1.99,US,2022-03-11 20:16:18
237,Venice,27.0998,-82.4543,86.99,82,0,17.27,US,2022-03-11 20:13:21
238,Harwich,51.9419,1.2844,50.32,87,100,10.0,GB,2022-03-11 20:16:18
239,Staryy Nadym,65.6118,72.6842,-4.45,97,96,10.29,RU,2022-03-11 20:16:19
240,Gat,31.61,34.7642,51.08,100,100,11.92,IL,2022-03-11 20:16:19
241,Methoni,36.8197,21.7049,45.21,87,85,11.95,GR,2022-03-11 20:15:11
242,Laguna,38.421,-121.4238,70.09,30,0,6.91,US,2022-03-11 20:16:19
243,Kathu,7.9178,98.3332,78.62,74,74,5.28,TH,2022-03-11 20:16:20
244,Grand-Santi,4.25,-54.3833,86.29,62,39,2.8,GF,2022-03-11 20:16:20
245,San Patricio,28.017,-97.5169,62.69,78,100,21.65,US,2022-03-11 20:16:20
246,Husavik,66.0449,-17.3389,35.64,80,100,9.95,IS,2022-03-11 20:16:21
247,Lorengau,-2.0226,147.2712,80.44,77,100,3.02,PG,2022-03-11 20:16:21
248,Ulaanbaatar,47.9077,106.8832,12.33,79,20,11.18,MN,2022-03-11 20:16:21
249,Brigantine,39.4101,-74.3646,55.2,69,0,11.5,US,2022-03-11 20:16:22
250,Birobidzhan,48.8,132.95,1.9,97,19,3.6,RU,2022-03-11 20:16:22
251,Dhuburi,26.0333,89.9667,72.57,30,0,4.61,IN,2022-03-11 20:16:22
252,Sudogda,55.9539,40.8629,18.36,93,96,4.61,RU,2022-03-11 20:16:23
253,Ancud,-41.8697,-73.8203,71.22,68,0,6.58,CL,2022-03-11 20:16:23
254,Dossor,47.5272,52.9811,33.33,80,100,9.64,KZ,2022-03-11 20:16:23
255,Kidodi,-7.6036,37.0044,75.09,94,98,0.67,TZ,2022-03-11 20:16:24
256,Tulum,20.2167,-87.4667,85.35,56,0,9.95,MX,2022-03-11 20:16:24
257,Khorixas,-20.3667,14.9667,77.32,57,58,9.78,NA,2022-03-11 20:16:25
258,Cascais,38.6979,-9.4215,56.93,74,20,11.99,PT,2022-03-11 20:16:25
259,Kruisfontein,-34.0033,24.7314,72.59,77,53,11.41,ZA,2022-03-11 20:16:25
260,Puerto Del Rosario,28.5004,-13.8627,64.15,68,20,6.91,ES,2022-03-11 20:16:26
261,Charleville-Mezieres,49.7667,4.7167,51.78,63,100,16.24,FR,2022-03-11 20:16:26
262,Gilgit,35.9221,74.3087,43.59,57,100,2.89,PK,2022-03-11 20:16:27
263,Barbatesti,45.1833,24.1167,17.33,61,16,6.26,RO,2022-03-11 20:16:27
264,Pandan,14.0453,124.1694,76.95,90,91,4.63,PH,2022-03-11 20:16:27
265,Camacha,33.0833,-16.3333,56.62,77,0,8.05,PT,2022-03-11 20:16:28
266,Grand Gaube,-20.0064,57.6608,79.2,88,12,1.99,MU,2022-03-11 20:16:28
267,Ler,8.3018,30.1418,91.47,15,77,10.36,SS,2022-03-11 20:16:28
268,Asau,46.4333,26.4,22.28,92,100,8.05,RO,2022-03-11 20:16:29
269,Mesetas,3.3846,-74.0442,85.26,58,85,5.5,CO,2022-03-11 20:16:29
270,Osmanabad,18.1667,76.05,76.82,42,61,9.57,IN,2022-03-11 20:16:30
271,Barentu,15.1139,37.5928,72.25,55,93,5.28,ER,2022-03-11 20:16:30
272,Ostrovnoy,68.0531,39.5131,31.69,83,100,18.34,RU,2022-03-11 20:16:30
273,Coquimbo,-29.9533,-71.3436,64.13,77,20,12.66,CL,2022-03-11 20:16:31
274,Puro,12.4841,123.3827,77.67,89,72,5.06,PH,2022-03-11 20:16:31
275,Katangli,51.7102,143.2326,15.1,88,100,6.82,RU,2022-03-11 20:15:11
276,Zhezkazgan,47.8043,67.7144,31.23,97,100,5.64,KZ,2022-03-11 20:17:32
277,Nuuk,64.1835,-51.7216,9.21,72,100,11.5,GL,2022-03-11 20:17:32
278,Izhmorskiy,56.194,86.6414,-18.04,100,100,3.53,RU,2022-03-11 20:17:32
279,Presidencia Roque Saenz Pena,-26.7852,-60.4388,78.17,58,98,8.05,AR,2022-03-11 20:17:33
280,Del Rio,29.3627,-100.8968,53.62,37,0,25.32,US,2022-03-11 20:17:33
281,Ayagoz,47.9714,80.4392,19.22,93,100,8.43,KZ,2022-03-11 20:17:33
282,Noumea,-22.2763,166.4572,80.01,99,1,6.08,NC,2022-03-11 20:17:34
283,Sosnovo-Ozerskoye,52.5249,111.5418,11.34,95,100,8.25,RU,2022-03-11 20:17:34
284,Buinsk,54.95,48.2833,-6.27,100,93,3.56,RU,2022-03-11 20:17:34
285,Ust-Tsilma,65.441,52.1498,22.35,95,100,8.39,RU,2022-03-11 20:17:35
286,Kaitangata,-46.2817,169.8464,55.94,80,100,16.87,NZ,2022-03-11 20:17:35
287,Kristiinankaupunki,62.2743,21.376,29.16,96,100,5.35,FI,2022-03-11 20:17:35
288,Iwaki,37.05,140.8833,51.76,58,0,13.13,JP,2022-03-11 20:17:36
289,Tiznit,29.5833,-9.5,56.46,71,100,6.8,MA,2022-03-11 20:14:32
290,Bethel,41.3712,-73.414,54.3,46,0,9.22,US,2022-03-11 20:15:21
291,Pangnirtung,66.1451,-65.7125,-16.6,76,0,4.61,CA,2022-03-11 20:17:36
292,Pueblo,38.2545,-104.6091,36.79,52,0,12.66,US,2022-03-11 20:14:36
293,Tocopilla,-22.092,-70.1979,71.92,73,22,6.2,CL,2022-03-11 20:16:09
294,Hami,42.8,93.45,51.58,35,100,7.58,CN,2022-03-11 20:17:37
295,Berbera,10.4396,45.0143,77.05,80,98,2.8,SO,2022-03-11 20:17:37
296,Ouahigouya,13.5828,-2.4216,87.39,12,98,9.62,BF,2022-03-11 20:17:37
297,Lianran,24.9227,102.485,61.34,45,45,3.51,CN,2022-03-11 20:17:38
298,Buraydah,26.326,43.975,68.45,22,94,11.23,SA,2022-03-11 20:16:33
299,Bartow,27.8964,-81.8431,89.69,55,40,21.85,US,2022-03-11 20:17:38
300,Puerto Carreno,6.189,-67.4859,96.78,41,40,10.36,CO,2022-03-11 20:17:38
301,Riosucio,5.4216,-75.7032,68.63,72,91,3.51,CO,2022-03-11 20:12:39
302,Saint-Philippe,-21.3585,55.7679,78.39,83,45,10.11,RE,2022-03-11 20:17:39
303,Touros,-5.1989,-35.4608,83.03,64,99,11.81,BR,2022-03-11 20:17:39
304,Cootamundra,-34.65,148.0333,58.06,84,92,9.78,AU,2022-03-11 20:17:40
305,Provideniya,64.3833,-173.3,20.32,49,0,12.15,RU,2022-03-11 20:09:08
306,Sao Miguel Do Araguaia,-13.275,-50.1628,85.3,70,90,2.95,BR,2022-03-11 20:16:17
307,Nkhotakota,-12.9274,34.2961,74.7,86,100,6.76,MW,2022-03-11 20:17:40
308,Norman Wells,65.282,-126.8329,-9.36,59,20,8.05,CA,2022-03-11 20:17:41
309,Bilma,18.6853,12.9164,75.76,22,8,8.7,NE,2022-03-11 20:17:41
310,Smolyaninovo,43.2956,132.4675,31.46,71,6,3.36,RU,2022-03-11 20:17:41
311,Hailar,49.2,119.7,11.05,82,100,11.65,CN,2022-03-11 20:17:42
312,Lehi,40.3916,-111.8508,37.4,40,7,4.0,US,2022-03-11 20:15:59
313,Miyako,39.6367,141.9525,42.58,76,74,7.4,JP,2022-03-11 20:14:19
314,Nome,64.5011,-165.4064,28.47,31,0,12.66,US,2022-03-11 20:17:42
315,Mecca,21.4267,39.8261,69.75,50,0,7.99,SA,2022-03-11 20:17:43
316,Portland,45.5234,-122.6762,58.6,47,75,5.01,US,2022-03-11 20:16:52
317,Ponta Do Sol,32.6667,-17.1,63.72,63,99,2.57,PT,2022-03-11 20:17:43
318,Villa Bruzual,9.3328,-69.1208,88.29,51,98,4.85,VE,2022-03-11 20:17:43
319,Oudtshoorn,-33.5907,22.2014,71.96,83,100,1.32,ZA,2022-03-11 20:17:44
320,Soresina,45.2865,9.857,47.43,65,98,9.62,IT,2022-03-11 20:17:44
321,Kalmunai,7.4167,81.8167,77.0,87,97,5.91,LK,2022-03-11 20:17:44
322,Espanola,35.9911,-106.0806,40.87,32,45,1.99,US,2022-03-11 20:17:45
323,Atikokan,48.7555,-91.6216,12.31,80,100,15.35,CA,2022-03-11 20:18:45
324,La Ronge,55.1001,-105.2842,7.05,30,75,9.22,CA,2022-03-11 20:18:45
325,Skjervoy,70.0311,20.9714,35.6,95,100,9.4,NO,2022-03-11 20:18:46
326,Okato,-39.2,173.8833,66.9,89,99,11.43,NZ,2022-03-11 20:18:46
327,Montecristo,8.2971,-74.4733,89.82,57,49,1.88,CO,2022-03-11 20:18:46
328,Bulawayo,-20.15,28.5833,66.16,59,10,13.2,ZW,2022-03-11 20:18:47
329,Uige,-7.6087,15.0613,67.98,97,100,2.24,AO,2022-03-11 20:18:47
330,Dolores,-36.3132,-57.6792,73.51,35,5,15.57,AR,2022-03-11 20:18:47
331,The Pas,53.8251,-101.2541,5.02,47,40,13.8,CA,2022-03-11 20:18:48
332,La Macarena,2.1837,-73.7849,90.41,47,91,6.62,CO,2022-03-11 20:18:48
333,Malm,64.0721,11.2172,42.78,93,9,1.16,NO,2022-03-11 20:18:48
334,Bauchi,10.5,10.0,79.93,20,54,5.55,NG,2022-03-11 20:18:49
335,Tokur,53.1333,132.9,5.76,97,100,2.59,RU,2022-03-11 20:18:49
336,Maltahohe,-24.8333,16.9833,81.03,35,100,2.62,NA,2022-03-11 20:18:50
337,Yahotyn,50.2798,31.7625,20.46,77,2,6.82,UA,2022-03-11 20:15:00
338,Guerrero Negro,27.9769,-114.0611,72.16,17,0,17.81,MX,2022-03-11 20:18:50
339,Sechura,-5.5569,-80.8222,84.45,52,11,16.67,PE,2022-03-11 20:18:50
340,Podgornoye,51.735,39.1496,-1.98,78,0,6.71,RU,2022-03-11 20:18:51
341,Sur,22.5667,59.5289,78.17,55,6,10.74,OM,2022-03-11 20:18:51
342,Mount Gambier,-37.8333,140.7667,48.43,88,0,4.81,AU,2022-03-11 20:18:51
343,Guadalupe Y Calvo,26.1,-106.9667,55.44,12,0,13.18,MX,2022-03-11 20:18:52
344,Zhenlai,45.8495,123.2973,28.63,48,100,7.23,CN,2022-03-11 20:18:52
345,Estreito,-5.7833,-43.25,78.94,90,91,2.98,BR,2022-03-11 20:18:52
346,Rayong,12.8333,101.4333,81.84,99,17,3.06,TH,2022-03-11 20:18:53
347,Porto Nacional,-10.7081,-48.4172,82.4,86,100,2.95,BR,2022-03-11 20:18:53
348,Necochea,-38.5473,-58.7368,63.07,54,13,17.83,AR,2022-03-11 20:16:03
349,Sao Joao Da Barra,-21.6403,-41.0511,86.09,80,0,15.41,BR,2022-03-11 20:18:54
350,Gushikawa,26.3544,127.8686,64.4,87,0,3.44,JP,2022-03-11 20:18:54
351,Loikaw,19.6742,97.2094,71.85,51,91,2.89,MM,2022-03-11 20:18:54
352,Praia Da Vitoria,38.7333,-27.0667,61.75,82,75,17.83,PT,2022-03-11 20:18:55
353,Tura,25.5198,90.2201,68.23,26,18,1.54,IN,2022-03-11 20:18:55
354,Aksu,41.1231,80.2644,50.45,31,100,4.72,CN,2022-03-11 20:18:55
355,Kuopio,62.8924,27.677,35.55,75,0,5.75,FI,2022-03-11 20:14:16
356,Cardenas,23.0375,-81.2047,84.96,51,18,12.59,CU,2022-03-11 20:18:56
357,Mangrol,21.1167,70.1167,78.46,45,0,9.13,IN,2022-03-11 20:18:56
358,Fomboni,-12.28,43.7425,83.23,74,100,15.82,KM,2022-03-11 20:18:56
359,Axim,4.8699,-2.2405,81.9,80,45,7.67,GH,2022-03-11 20:16:21
360,Kudahuvadhoo,2.6708,72.8944,82.56,72,3,8.95,MV,2022-03-11 20:18:57
361,Tulagi,-9.0996,160.1476,81.03,72,98,3.4,SB,2022-03-11 20:18:57
362,Bull Savanna,17.8868,-77.5902,81.75,63,4,18.99,JM,2022-03-11 20:18:58
363,Tolaga Bay,-38.3667,178.3,62.49,71,3,3.8,NZ,2022-03-11 20:18:58
364,Cabudare,10.0289,-69.0894,86.25,66,89,6.44,VE,2022-03-11 20:18:58
365,Rocha,-34.4833,-54.3333,69.01,51,35,15.55,UY,2022-03-11 20:18:59
366,Taltal,-25.4,-70.4833,69.51,69,24,5.68,CL,2022-03-11 20:18:59
367,Forestville,38.8451,-76.875,65.34,49,0,14.97,US,2022-03-11 20:18:59
368,Kloulklubed,7.0419,134.2556,79.3,79,78,16.55,PW,2022-03-11 20:19:00
369,Klaksvik,62.2266,-6.589,45.52,87,100,38.83,FO,2022-03-11 20:20:00
370,Fort Nelson,58.8053,-122.7002,11.79,73,100,5.75,CA,2022-03-11 20:20:01
371,Port Hardy,50.6996,-127.4199,42.8,87,100,18.41,CA,2022-03-11 20:16:13
372,Pacifica,37.6138,-122.4869,72.21,56,0,3.44,US,2022-03-11 20:16:31
373,Pucallpa,-8.3791,-74.5539,84.24,70,75,5.75,PE,2022-03-11 20:15:43
374,Buchanan,5.8808,-10.0467,80.4,84,89,6.82,LR,2022-03-11 20:20:02
375,Dimona,31.0667,35.0333,44.4,67,24,11.63,IL,2022-03-11 20:20:03
376,Shelburne,44.0787,-80.2041,30.76,83,100,7.87,CA,2022-03-11 20:20:04
377,Hervey Bay,-25.2986,152.8535,75.02,74,85,17.63,AU,2022-03-11 20:20:04
378,Ambilobe,-13.2,49.05,73.33,98,100,2.91,MG,2022-03-11 20:20:05
379,Maniitsoq,65.4167,-52.9,-3.15,94,56,5.06,GL,2022-03-11 20:20:05
380,Tambura,5.6,27.4667,77.32,62,100,3.22,SS,2022-03-11 20:20:06
381,Mount Isa,-20.7333,139.5,82.17,23,4,5.75,AU,2022-03-11 20:20:06
382,Berezovyy,51.6667,135.7,3.97,97,86,3.76,RU,2022-03-11 20:20:07
383,Egvekinot,66.3167,-179.1667,13.66,54,0,11.45,RU,2022-03-11 20:20:07
384,Opatija,45.3392,14.3083,41.68,52,0,7.07,HR,2022-03-11 20:20:07
385,Bambous Virieux,-20.3428,57.7575,79.05,89,75,12.66,MU,2022-03-11 20:20:08
386,Vaitape,-16.5167,-151.75,81.59,70,21,10.58,PF,2022-03-11 20:20:08
387,Mayo,38.8876,-76.5119,65.21,58,0,13.0,US,2022-03-11 20:20:08
388,Pabbi,34.0106,71.7989,65.08,36,6,2.86,PK,2022-03-11 20:20:09
389,Kipushi,-11.7667,27.2333,63.14,97,74,4.61,CD,2022-03-11 20:20:09
390,Kuzhithurai,8.3167,77.1833,82.08,82,2,3.11,IN,2022-03-11 20:20:09
391,Cam Ranh,11.9214,109.1591,76.96,73,40,9.22,VN,2022-03-11 20:20:10
392,Indianola,41.3581,-93.5574,26.91,36,0,20.89,US,2022-03-11 20:20:10
393,Nordby,55.446,8.3979,39.43,55,2,17.27,DK,2022-03-11 20:20:10
394,Irbeyskoye,55.6428,95.4522,-6.75,99,100,1.92,RU,2022-03-11 20:20:11
395,Hovd,48.0056,91.6419,18.73,70,100,3.04,MN,2022-03-11 20:20:11
396,Teguldet,57.3064,88.1667,-16.96,100,44,0.98,RU,2022-03-11 20:20:11
397,Swan Hill,-35.3378,143.5544,55.76,69,52,7.7,AU,2022-03-11 20:20:12
398,El Bagre,7.5927,-74.8086,89.91,52,17,3.27,CO,2022-03-11 20:20:12
399,Catamarca,-28.4696,-65.7852,73.78,80,89,3.0,AR,2022-03-11 20:20:12
400,Nosy Varika,-20.5833,48.5333,75.78,87,100,0.83,MG,2022-03-11 20:20:13
401,Tammisaari,59.9736,23.4339,32.9,92,100,5.73,FI,2022-03-11 20:20:13
402,Bonthe,7.5264,-12.505,78.58,81,88,9.84,SL,2022-03-11 20:20:13
403,Esperance,-33.8667,121.9,64.8,70,99,12.37,AU,2022-03-11 20:20:14
404,Komsomolskiy,40.4272,71.7189,50.72,87,75,2.3,UZ,2022-03-11 20:20:14
405,Iralaya,15.0,-83.2333,82.98,58,0,8.75,HN,2022-03-11 20:20:15
406,Olafsvik,64.8945,-23.7142,40.46,75,48,23.91,IS,2022-03-11 20:20:15
407,Le Pradet,43.1066,6.0172,54.19,72,0,19.57,FR,2022-03-11 20:20:15
408,Channel-Port Aux Basques,47.5702,-59.1367,28.67,64,100,11.48,CA,2022-03-11 20:15:21
409,Semirom,31.4167,51.5667,45.52,65,98,12.35,IR,2022-03-11 20:20:16
410,Lamar,33.6668,-95.5836,32.36,86,100,19.57,US,2022-03-11 20:20:16
411,Yulara,-25.2406,130.9889,62.44,34,0,5.75,AU,2022-03-11 20:20:16
412,Kaeo,-35.1,173.7833,66.33,89,13,1.9,NZ,2022-03-11 20:20:17
413,Dandong,40.1292,124.3947,38.79,35,99,4.52,CN,2022-03-11 20:20:17
414,Hirakud,21.5167,83.8667,72.1,41,0,5.84,IN,2022-03-11 20:20:18
415,Salalah,17.0151,54.0924,75.29,41,0,4.61,OM,2022-03-11 20:16:59
416,Waingapu,-9.6567,120.2641,78.73,86,44,3.78,ID,2022-03-11 20:21:18
417,Acajutla,13.5928,-89.8275,84.09,61,48,9.55,SV,2022-03-11 20:21:18
418,Goderich,43.7501,-81.7165,27.91,80,100,5.75,CA,2022-03-11 20:21:19
419,Xuddur,4.1213,43.8894,80.85,26,99,12.75,SO,2022-03-11 20:21:19
420,Albina,5.5,-54.05,78.64,86,70,5.21,SR,2022-03-11 20:21:19
421,Rio Tuba,8.5061,117.4317,79.79,85,72,9.33,PH,2022-03-11 20:21:20
422,Gamba,-2.65,10.0,77.31,90,98,9.01,GA,2022-03-11 20:21:20
423,Labytnangi,66.6572,66.4183,-12.35,100,94,3.69,RU,2022-03-11 20:21:20
424,Avera,33.194,-82.5271,56.37,89,100,7.76,US,2022-03-11 20:21:21
425,Severnoye,56.3491,78.3619,-14.28,100,100,5.44,RU,2022-03-11 20:21:21
426,Marck,50.949,1.9433,50.99,88,100,19.1,FR,2022-03-11 20:21:21
427,Lompoc,34.6391,-120.4579,74.84,23,0,10.36,US,2022-03-11 20:21:22
428,Ngama,11.7833,17.1667,86.13,15,95,12.37,TD,2022-03-11 20:21:22
429,Campos Gerais,-21.235,-45.7586,77.36,70,100,2.1,BR,2022-03-11 20:21:22
430,Havelock,34.8791,-76.9013,59.99,85,75,3.44,US,2022-03-11 20:20:15
431,Divnomorskoye,44.5011,38.1353,32.83,82,100,18.48,RU,2022-03-11 20:21:23
432,Samarai,-10.6167,150.6667,82.6,77,94,10.94,PG,2022-03-11 20:21:23
433,Muzhi,65.3667,64.6667,7.27,92,100,10.0,RU,2022-03-11 20:21:24
434,Lavrentiya,65.5833,-171.0,8.78,72,1,8.68,RU,2022-03-11 20:21:24
435,Santiago,-33.4569,-70.6483,88.29,25,0,18.41,CL,2022-03-11 20:17:44
436,Cayenne,4.9333,-52.3333,83.08,56,75,12.66,GF,2022-03-11 20:21:24
437,Mirnyy,62.5353,113.9611,-17.61,100,100,2.48,RU,2022-03-11 20:21:25
438,Majene,-3.5403,118.9707,78.82,89,99,3.06,ID,2022-03-11 20:21:25
439,Shache,38.4167,77.2406,55.22,21,100,2.66,CN,2022-03-11 20:21:25
440,Ukhta,63.5671,53.6835,16.16,92,100,10.33,RU,2022-03-11 20:21:26
441,Floro,61.5996,5.0328,48.16,34,0,14.97,NO,2022-03-11 20:19:59
442,Chicama,-7.8447,-79.1469,66.74,56,23,11.18,PE,2022-03-11 20:21:26
443,Port Blair,11.6667,92.75,80.06,71,91,4.34,IN,2022-03-11 20:17:37
444,Khor,47.8861,134.9464,7.59,97,86,4.83,RU,2022-03-11 20:21:27
445,Tobermory,45.2501,-81.6665,24.12,68,100,11.01,CA,2022-03-11 20:21:27
446,Bandarbeyla,9.4942,50.8122,78.06,67,87,10.78,SO,2022-03-11 20:21:27
447,Kieta,-6.2167,155.6333,77.23,75,11,1.45,PG,2022-03-11 20:21:28
448,Pitimbu,-7.4706,-34.8086,84.79,66,50,10.45,BR,2022-03-11 20:21:28
449,North Bend,43.4065,-124.2243,62.24,79,0,6.91,US,2022-03-11 20:21:28
450,Hambantota,6.1241,81.1185,78.53,81,30,5.57,LK,2022-03-11 20:21:28
451,Pagsangahan,13.2158,122.5431,78.66,84,100,3.4,PH,2022-03-11 20:21:29
452,Evensk,61.95,159.2333,14.29,58,45,13.13,RU,2022-03-11 20:21:29
453,Ostrov,57.3439,28.3537,33.53,84,100,7.23,RU,2022-03-11 20:21:29
454,Enterprise,36.0252,-115.2419,60.1,14,0,4.61,US,2022-03-11 20:21:30
455,Puerto Escondido,15.85,-97.0667,86.83,66,40,12.66,MX,2022-03-11 20:21:30
456,Shunyi,40.125,116.6453,44.55,39,0,2.24,CN,2022-03-11 20:21:30
457,Boadilla Del Monte,40.405,-3.8784,49.08,89,100,6.91,ES,2022-03-11 20:21:31
458,Katobu,-4.9408,122.5276,75.36,94,77,2.55,ID,2022-03-11 20:21:31
459,Romny,50.751,33.4747,15.26,91,5,5.03,UA,2022-03-11 20:21:31
460,Inuvik,68.3499,-133.7218,-8.54,77,75,5.75,CA,2022-03-11 20:21:32
461,Cajazeiras,-6.8903,-38.5553,88.5,44,98,4.38,BR,2022-03-11 20:21:32
462,Haines Junction,60.7522,-137.5108,26.55,68,100,9.22,CA,2022-03-11 20:21:32
463,Pervomayskoye,43.919,46.7102,33.55,77,100,8.28,RU,2022-03-11 20:21:33
464,Kjollefjord,70.9457,27.3465,35.65,73,94,12.48,NO,2022-03-11 20:22:33
465,Aswan,24.0934,32.907,60.26,28,4,16.42,EG,2022-03-11 20:22:34
466,Coihaique,-45.5752,-72.0662,71.55,46,0,8.05,CL,2022-03-11 20:22:34
467,Wasilla,61.5814,-149.4394,39.74,73,100,4.0,US,2022-03-11 20:22:34
468,Cap Malheureux,-19.9842,57.6142,77.47,88,9,3.0,MU,2022-03-11 20:22:35
469,Road Town,18.4167,-64.6167,82.49,65,20,14.97,VG,2022-03-11 20:20:54
470,Iaciara,-14.0958,-46.6317,80.87,72,100,1.59,BR,2022-03-11 20:22:35
471,Smithers,54.7804,-127.1743,37.72,81,100,3.44,CA,2022-03-11 20:17:46
472,Sola,-13.8833,167.55,81.91,75,100,8.97,VU,2022-03-11 20:22:36
473,Rosetown,51.5501,-108.0014,1.38,66,100,11.5,CA,2022-03-11 20:22:36
474,Ilinskiy,55.619,38.1182,26.31,39,0,4.47,RU,2022-03-11 20:22:36
475,Kyzyl-Suu,42.3414,78.0056,38.7,74,100,2.15,KG,2022-03-11 20:22:37
476,Naze,28.3667,129.4833,58.57,67,0,3.13,JP,2022-03-11 20:22:37
477,Talnakh,69.4865,88.3972,-24.9,98,77,8.25,RU,2022-03-11 20:22:37
478,Fernandez,-27.9204,-63.8935,79.63,37,87,8.68,AR,2022-03-11 20:22:38
479,Sri Aman,1.2376,111.4621,77.05,94,100,0.0,MY,2022-03-11 20:22:38
480,Namibe,-15.1961,12.1522,73.42,79,96,5.93,AO,2022-03-11 20:22:38
481,Manzhouli,49.6,117.4333,19.38,57,100,13.98,CN,2022-03-11 20:22:39
482,Umm Lajj,25.0213,37.2685,66.11,53,96,16.82,SA,2022-03-11 20:22:39
483,Poopo,-18.3667,-66.9667,65.17,45,96,7.34,BO,2022-03-11 20:22:39
484,Saint Anthony,45.0205,-93.218,13.01,53,75,26.46,US,2022-03-11 20:22:40
485,Katsuura,35.1333,140.3,54.48,67,0,10.47,JP,2022-03-11 20:22:40
486,Waipawa,-41.4122,175.5153,62.15,77,55,9.69,NZ,2022-03-11 20:22:40
487,Te Anau,-45.4167,167.7167,53.53,90,100,4.41,NZ,2022-03-11 20:22:41
488,Coruripe,-10.1256,-36.1756,81.73,66,49,7.85,BR,2022-03-11 20:22:41
489,Boden,65.8252,21.6886,28.4,99,100,1.66,SE,2022-03-11 20:22:41
490,Teya,60.3778,92.6267,-17.03,100,96,1.9,RU,2022-03-11 20:22:42
491,Monrovia,6.3005,-10.7969,80.13,86,98,6.06,LR,2022-03-11 20:22:42
492,Tezu,27.9167,96.1667,70.86,27,23,4.72,IN,2022-03-11 20:22:42
493,Banes,20.9625,-75.7186,83.66,61,0,18.52,CU,2022-03-11 20:22:43
494,Ilulissat,69.2167,-51.1,6.82,56,75,2.3,GL,2022-03-11 20:22:43
495,Aketi,2.7388,23.7833,69.89,99,100,3.8,CD,2022-03-11 20:22:43
496,Coahuayana,18.7333,-103.6833,87.35,36,9,8.86,MX,2022-03-11 20:22:44
497,Cerchezu,43.8167,28.1,23.27,89,51,9.95,RO,2022-03-11 20:22:44
498,Los Alamos,35.8881,-106.307,35.38,50,40,8.05,US,2022-03-11 20:18:52
499,Wajir,1.7471,40.0573,87.37,29,4,9.22,KE,2022-03-11 20:22:44
500,Christchurch,-43.5333,172.6333,68.92,52,100,5.75,NZ,2022-03-11 20:20:01
501,Baglan,36.1307,68.7083,64.9,50,100,2.42,AF,2022-03-11 20:22:45
502,Zyryanskoye,56.8306,86.6258,-17.16,100,86,2.37,RU,2022-03-11 20:22:45
503,Safaga,26.7292,33.9365,59.14,53,0,21.65,EG,2022-03-11 20:22:46
504,Jalu,29.0331,21.5482,55.62,39,63,0.49,LY,2022-03-11 20:22:46
505,Lagoa,39.05,-27.9833,61.23,87,100,25.14,PT,2022-03-11 20:22:46
506,Mwanza,-2.5167,32.9,75.52,62,99,6.73,TZ,2022-03-11 20:22:47
507,Arkhipo-Osipovka,44.37,38.52,32.07,87,100,23.42,RU,2022-03-11 20:22:47
508,Tateyama,34.9833,139.8667,56.01,59,0,11.41,JP,2022-03-11 20:22:47
509,Nanakuli,21.3906,-158.1547,84.15,54,0,11.5,US,2022-03-11 20:22:48
510,College,64.8569,-147.8028,13.98,46,20,6.91,US,2022-03-11 20:23:48
511,Port Macquarie,-31.4333,152.9167,62.89,75,49,1.9,AU,2022-03-11 20:23:48
512,Shwebo,22.5667,95.7,80.49,33,82,3.58,MM,2022-03-11 20:23:49
513,Xining,36.6167,101.7667,39.74,42,87,0.81,CN,2022-03-11 20:23:49
514,Bafq,31.6128,55.4107,76.33,19,100,15.3,IR,2022-03-11 20:23:50
515,Okitipupa,6.5047,4.7839,73.96,87,100,3.51,NG,2022-03-11 20:23:50
516,Pontian Kecil,1.4801,103.3899,77.32,91,100,6.29,MY,2022-03-11 20:23:50
517,Chake Chake,-5.2459,39.7666,78.85,77,12,10.0,TZ,2022-03-11 20:23:51
518,Pisco,-13.7,-76.2167,78.85,65,0,6.91,PE,2022-03-11 20:23:51
519,Taua,-5.9667,-40.3,82.27,65,100,8.23,BR,2022-03-11 20:23:51
520,Asyut,27.181,31.1837,56.07,33,9,13.27,EG,2022-03-11 20:23:52
521,Bom Despacho,-19.7364,-45.2522,81.43,65,18,2.26,BR,2022-03-11 20:21:19
522,Kargasok,59.0556,80.8572,-17.48,100,95,4.0,RU,2022-03-11 20:23:52
523,Urumqi,43.801,87.6005,36.55,70,0,6.71,CN,2022-03-11 20:23:52
524,Fortuna,40.5982,-124.1573,64.92,65,0,10.36,US,2022-03-11 20:23:53
525,Seymchan,62.8833,152.4333,-12.17,100,81,1.54,RU,2022-03-11 20:23:53
526,Yelizovo,53.1873,158.3805,28.54,92,75,4.47,RU,2022-03-11 20:23:53
527,Mahibadhoo,3.7833,72.9667,82.09,71,0,5.64,MV,2022-03-11 20:23:54
528,Moorhead,46.8739,-96.7676,4.98,67,100,21.85,US,2022-03-11 20:22:38
529,Mokhsogollokh,61.4681,128.9203,-15.23,100,100,1.16,RU,2022-03-11 20:23:54
530,Cameta,-2.2444,-49.4958,76.95,92,100,1.68,BR,2022-03-11 20:23:54
531,Amapa,1.0,-52.0,77.29,76,100,2.44,BR,2022-03-11 20:23:55
532,San Bartolome De Tirajana,27.9248,-15.5733,54.32,74,20,16.11,ES,2022-03-11 20:23:55
533,Bengbu,32.9408,117.3608,55.06,76,4,8.43,CN,2022-03-11 20:23:56
534,Rawson,-43.3002,-65.1023,75.42,32,0,8.19,AR,2022-03-11 20:20:54
535,Bose,45.4612,8.0137,45.75,64,100,0.22,IT,2022-03-11 20:23:56
536,Dicabisagan,17.0818,122.4157,75.24,93,98,5.7,PH,2022-03-11 20:23:56
537,Shellbrook,53.2168,-106.4011,4.23,77,99,7.58,CA,2022-03-11 20:23:57
538,Gualaquiza,-3.4,-78.55,79.32,64,55,2.82,EC,2022-03-11 20:23:57
539,Buin,-33.7333,-70.75,88.12,16,0,11.34,CL,2022-03-11 20:23:57
540,Canto Do Buriti,-8.11,-42.9444,84.2,66,98,2.84,BR,2022-03-11 20:23:58
541,Luena,-11.7833,19.9167,62.92,97,100,7.9,AO,2022-03-11 20:23:58
542,Sterling,39.0062,-77.4286,65.01,50,0,9.22,US,2022-03-11 20:21:25
543,Grootfontein,-19.5667,18.1167,67.96,81,97,5.99,NA,2022-03-11 20:23:59
544,Punto Fijo,11.6956,-70.1996,82.94,66,46,26.11,VE,2022-03-11 20:23:59
545,Black River,18.0264,-77.8487,83.55,66,11,16.6,JM,2022-03-11 20:23:59
546,Arona,28.0996,-16.681,59.83,72,75,10.36,ES,2022-03-11 20:24:00
547,Camana,-16.6228,-72.7111,76.19,75,66,7.81,PE,2022-03-11 20:24:00
548,Marinette,45.1,-87.6307,25.29,33,20,10.36,US,2022-03-11 20:24:00
549,Olinda,-8.0089,-34.8553,83.93,70,20,6.91,BR,2022-03-11 20:19:42
550,Rumonge,-3.9736,29.4386,72.88,79,85,5.88,BI,2022-03-11 20:24:01
551,Fairview,40.8126,-73.999,57.02,35,0,14.0,US,2022-03-11 20:24:01
552,Pimentel,-6.8367,-79.9342,82.69,54,0,16.11,PE,2022-03-11 20:24:02
553,Ponta Delgada,37.7333,-25.6667,63.5,88,75,23.02,PT,2022-03-11 20:24:02
554,Mandal,25.45,74.5667,70.43,27,0,4.43,IN,2022-03-11 20:25:02
555,Bengkulu,-3.8004,102.2655,75.33,90,100,3.42,ID,2022-03-11 20:25:03
556,Meulaboh,4.1363,96.1285,76.91,90,94,4.36,ID,2022-03-11 20:25:03
557,Chifeng,42.2683,118.9636,42.01,38,100,5.79,CN,2022-03-11 20:25:03
558,Micheweni,-4.9667,39.8333,80.49,75,14,12.44,TZ,2022-03-11 20:25:04
559,Itarema,-2.9248,-39.9167,75.4,93,100,9.42,BR,2022-03-11 20:25:04
560,Savannah Bight,16.45,-85.85,80.62,78,0,20.85,HN,2022-03-11 20:25:04
561,Bac Lieu,9.285,105.7244,77.32,82,100,1.21,VN,2022-03-11 20:25:05
562,Angoram,-4.0625,144.0661,72.75,99,100,2.17,PG,2022-03-11 20:25:05
563,Qui Nhon,13.7667,109.2333,69.39,93,100,8.3,VN,2022-03-11 20:25:05
564,Semey,50.4111,80.2275,10.98,92,100,7.36,KZ,2022-03-11 20:25:06
565,Pantai Remis,4.4557,100.6288,78.82,86,100,6.6,MY,2022-03-11 20:25:06
566,Scarborough,54.2797,-0.4044,49.64,89,100,5.99,GB,2022-03-11 20:20:30
567,Tingi,-11.3,35.0333,63.01,80,100,0.49,TZ,2022-03-11 20:25:07
568,Bannu,32.9854,70.6027,70.47,43,45,1.68,PK,2022-03-11 20:25:07
569,San Quintin,30.4833,-115.95,63.97,39,24,6.4,MX,2022-03-11 20:25:07
570,Susanville,40.4163,-120.653,47.08,28,0,1.99,US,2022-03-11 20:22:54
571,Amuntai,-2.4177,115.2494,76.82,92,100,2.15,ID,2022-03-11 20:25:08
572,Brownsville,25.9018,-97.4975,84.2,72,75,1.99,US,2022-03-11 20:25:08
573,Ust-Ordynskiy,52.805,104.7508,4.93,98,100,2.93,RU,2022-03-11 20:25:08
574,Mordovo,52.0834,40.77,-9.44,100,78,4.38,RU,2022-03-11 20:25:09
575,Haimen,23.1935,116.6142,58.89,79,2,6.17,CN,2022-03-11 20:25:09
